"","baseMean","log2FoldChange","lfcSE","stat","pvalue","padj"
"Gene_310",32.8504460041717,3.89508591194882,0.990423961703965,3.93274603862326,8.39809502473454e-05,0.0164434700584302
"Gene_377",65.1080930345201,4.53047643775068,1.11982214492533,4.04571070350889,5.21646217386674e-05,0.0127672911705389
"Gene_399",52.5350422908288,3.81554953986146,1.02079641287108,3.73781636744772,0.000185625440085598,0.0227159132304751
"Gene_478",78.0575302635872,-4.41327608830187,1.17709840919315,-3.74928387791042,0.000177340252161703,0.0227159132304751
"Gene_657",74.3244990127789,5.750615501221,1.0531636116484,5.46032490832096,4.75264002549587e-08,4.65283458496046e-05
"Gene_842",59.8316222635678,-4.73621323277887,1.25072157801721,-3.78678461779419,0.000152609271821013,0.0227159132304751
"Gene_844",89.461452632837,-4.68639043326541,1.03309897662961,-4.53624535429732,5.72645569510066e-06,0.00186873337516785
"Gene_891",72.7746987056326,-5.24270892805443,1.155380882905,-4.53764555535361,5.68857659115184e-06,0.00186873337516785
